{
  "Wy_fro": 2.07436757192808,
  "G_fro": 0.07798146716691219,
  "Omega_s_fro": 10.110616247191903
}