{
  "Wy_fro": 0.3434276711420611,
  "G_fro": 0.021789809965980466,
  "Omega_s_fro": 0.5305830088448372
}