{
  "Wy_fro": 0.6412068713936032,
  "G_fro": 0.0404398375056817,
  "Omega_s_fro": 2.7502491979999535
}