{
  "experiment": "di_no_delay",
  "K": 2,
  "Q": 1,
  "N": 64,
  "dt": 0.001,
  "T": 0.5,
  "tau": 0.0,
  "seed": 0,
  "eta_wy": 0.001,
  "eta_g": 0.001,
  "eta_omega_s": 0.0001,
  "run_dir": "runs",
  "tag": "tf_optuna_final",
  "make_plots": true,
  "record_spikes": true,
  "use_kalman": true,
  "threshold": 0.05,
  "v_reset": 0.0,
  "bias_current": 0.12569973338982365,
  "innovation_gain": 57.80669355133404,
  "init_v_std": 0.05,
  "init_wy_scale": 0.1,
  "init_g_scale": 0.1,
  "teacher_forced": true,
  "lambda_decay": 0.2039465662042508,
  "omega_scale": 1.692809263920088,
  "decoder_scale": 10.32239429726203,
  "decoder_scales": "0.5243670327254291,0.8044214484654925",
  "decoder_basis": "random",
  "bounding_box": 193.74766468079068,
  "threshold_scale": 0.5101771774070218
}