{
  "Wy_fro": 0.15299846327137892,
  "G_fro": 0.009046359485574066,
  "Omega_s_fro": 0.0658727008003251
}