{
  "Wy_fro": 0.4016376476468676,
  "G_fro": 0.014198936813612497,
  "Omega_s_fro": 0.18241401948137403
}