{
  "Wy_fro": 6.689219394089075,
  "G_fro": 0.21383116451302203,
  "Omega_s_fro": 16.5335505363384
}