{
  "decoder_scales": [
    1.9890038080582249,
    0.947570516840799
  ],
  "objective": 0.6366439702137529,
  "run_dir": "runs/optuna_decoder_7_20251129-035013",
  "var_ratio": [
    1.4757477557219727,
    1.6405529198585072
  ]
}