{
  "decoder_scales": [
    0.5243670327254291,
    0.8044214484654925
  ],
  "decoder_scale_global": 10.32239429726203,
  "bounding_box": 193.74766468079068,
  "innovation_gain": 57.80669355133404,
  "bias_current": 0.12569973338982365,
  "threshold_scale": 0.5101771774070218,
  "lambda_decay": 0.2039465662042508,
  "omega_scale": 1.692809263920088,
  "objective": 0.5133206986117729,
  "run_dir": "runs/optuna_decoder_11_20251129-035931",
  "var_ratio": [
    1.334900968512446,
    0.9325120177740073
  ],
  "firing_rate": 15.625
}