{
  "Wy_fro": 1.0,
  "G_fro": 0.16526986717952002,
  "Omega_s_fro": 18.037738217415175
}