{
  "Wy_fro": 0.19112576912952461,
  "G_fro": 0.04909418372386287,
  "Omega_s_fro": 0.644626873461052
}