{
  "Wy_fro": 43.812467017940875,
  "G_fro": 6.073164337017777,
  "Omega_s_fro": 25169.209511574227
}