{
  "Wy_fro": 82.14837565863914,
  "G_fro": 3.6751389854108107,
  "Omega_s_fro": 14815.464528435135
}