{
  "Wy_fro": 0.19027504620037547,
  "G_fro": 0.010634273656472555,
  "Omega_s_fro": 0.09460890326741817
}