{
  "Wy_fro": 0.7034957809250076,
  "G_fro": 0.023542966504227592,
  "Omega_s_fro": 0.5051884738130756
}