{
  "Wy_fro": 0.45034421035016714,
  "G_fro": 0.0166078514191585,
  "Omega_s_fro": 0.3087625482703467
}