{
  "Wy_fro": 0.07280398190093033,
  "G_fro": 0.004359880936152872,
  "Omega_s_fro": 0.014262302574063808
}