{
  "Wy_fro": 0.6683663138390886,
  "G_fro": 0.2501898287067988,
  "Omega_s_fro": 11.969513214947131
}