{
  "Wy_fro": 0.4956824211676126,
  "G_fro": 0.018340589015018213,
  "Omega_s_fro": 0.3901593810473842
}