{
  "Wy_fro": 5.41351771376217,
  "G_fro": 0.19998887394885306,
  "Omega_s_fro": 35.489115003690316
}