{
  "Wy_fro": 54.76558377242609,
  "G_fro": 5.768082562709073,
  "Omega_s_fro": 25117.195358020308
}