{
  "Wy_fro": 0.07882769369519836,
  "G_fro": 0.021170989650342746,
  "Omega_s_fro": 0.3056091542447646
}