{
  "Wy_fro": 0.15299827345456707,
  "G_fro": 0.00904634488683316,
  "Omega_s_fro": 0.06587254206210401
}