{
  "Wy_fro": 1.5546689624565,
  "G_fro": 0.050604815706995224,
  "Omega_s_fro": 2.4526358188246493
}