{
  "Wy_fro": 1.3042752368905908,
  "G_fro": 0.08559595182036558,
  "Omega_s_fro": 6.595129343483219
}