{
  "Wy_fro": 0.1728226573989696,
  "G_fro": 0.1736882551440625,
  "Omega_s_fro": 28.772720965061087
}