{
  "Wy_fro": 2.6676772512474303,
  "G_fro": 0.0852716056545154,
  "Omega_s_fro": 4.431250778869603
}