{
  "Wy_fro": 0.10084151236768134,
  "G_fro": 0.026869921832412408,
  "Omega_s_fro": 0.6901750627668791
}