{
  "Wy_fro": 0.054765583772426095,
  "G_fro": 0.0024500926569405407,
  "Omega_s_fro": 0.005183425742358352
}