{
  "Wy_fro": 27.382791886213045,
  "G_fro": 5.652434184540954,
  "Omega_s_fro": 19830.936519944444
}