{
  "Wy_fro": 1.0892895467388723,
  "G_fro": 0.03767745206030049,
  "Omega_s_fro": 1.3002765749425873
}