{
  "Wy_fro": 5.476558377242609,
  "G_fro": 0.24500926569405404,
  "Omega_s_fro": 51.834257423583516
}