{
  "Wy_fro": 1.089287461233555,
  "G_fro": 0.03767739653780926,
  "Omega_s_fro": 1.3002723963429634
}