{
  "Wy_fro": 27.382791886213045,
  "G_fro": 1.2250463284702702,
  "Omega_s_fro": 1646.1627253816816
}