{
  "Wy_fro": 1.6860676581264231,
  "G_fro": 0.05451122426142957,
  "Omega_s_fro": 2.5083837420244386
}