{
  "Wy_fro": 1.7847227502093306,
  "G_fro": 0.05847799382231697,
  "Omega_s_fro": 3.256646800216731
}