{
  "Wy_fro": 0.15371230526116156,
  "G_fro": 0.06964187839960137,
  "Omega_s_fro": 7.936056840972183
}