{
  "Wy_fro": 0.3113586550846676,
  "G_fro": 0.014912870743933751,
  "Omega_s_fro": 0.2760290307402838
}