{
  "Wy_fro": 0.4973099031968933,
  "G_fro": 0.025360262178840926,
  "Omega_s_fro": 0.28278050980289726
}