{
  "Wy_fro": 54.76558377242609,
  "G_fro": 2.4500926569405403,
  "Omega_s_fro": 6584.650901526727
}