{
  "Wy_fro": 0.9579431330765472,
  "G_fro": 0.03375582482362226,
  "Omega_s_fro": 0.6746653767706313
}