{
  "Wy_fro": 0.547655837724261,
  "G_fro": 0.024500926569405408,
  "Omega_s_fro": 0.5183425742358351
}