{
  "Wy_fro": 0.4830462384566896,
  "G_fro": 0.02424805370581496,
  "Omega_s_fro": 0.34792282559054816
}