{
  "Wy_fro": 0.1722493692592135,
  "G_fro": 0.012146620690628667,
  "Omega_s_fro": 0.09696863862237844
}