{
  "Wy_fro": 0.1989439877933146,
  "G_fro": 0.011394997519214673,
  "Omega_s_fro": 0.06868829387474426
}