{
  "Wy_fro": 12.733808657572254,
  "G_fro": 0.6001504459216594,
  "Omega_s_fro": 194.9668694445819
}