{
  "Wy_fro": 0.44679322140462374,
  "G_fro": 0.04086401159731134,
  "Omega_s_fro": 1.299523383070777
}