{
  "Wy_fro": 2.0124873365604734,
  "G_fro": 0.09525028541546988,
  "Omega_s_fro": 7.8548884485014145
}